bakery	zebra	0
angel	gasoline	1
giraffe	harbor	1
festival	whisker	1
feather	truck	1
bikini	pizza	1
muscle	tulip	1
apple	cute	2
post	tulip	2
gun	stair	2
grave	hat	2
military	tomato	2
jellyfish	rally	2
carrot	design	2
cafe	lizard	2
cheetah	phone	3
fish	theatre	3
explosion	stencil	3
donut	panda	3
child	ford	3
happy	rusty	3
machine	pond	3
hot	zombie	3
giraffe	mist	3
guitar	nude	3
puppy	skyline	3
construction	violet	3
bible	misty	3
cheetah	soup	3
chess	cigarette	3
tomato	whale	3
bread	cliff	3
cigarette	skating	3
carrot	memorial	4
mirror	raspberry	4
fish	rocket	4
pub	snowman	4
meat	moon	4
ice	sheep	4
lick	pier	4
gun	pizza	4
lion	square	4
ceiling	mug	4
bike	hummingbird	4
soup	wool	4
flight	whisker	4
lego	weather	4
gun	quote	4
furniture	pizza	4
bracelet	mountain	4
chicken	knit	4
abstract	frog	4
key	misty	4
feline	nut	4
boxer	lighthouse	4
female	square	4
fungus	wedding	4
bucket	girl	4
cafe	frog	4
rabbit	sphere	4
goose	stencil	4
cocktail	write	4
potato	skating	4
flamingo	office	4
car	tongue	4
dragonfly	wine	4
paw	protest	5
cake	library	5
bedroom	canyon	5
drug	wolf	5
brick	rabbit	5
chocolate	wig	5
dragonfly	piano	5
kitchen	wedding	5
cactus	gasoline	5
girl	wind	5
family	red	5
mammal	write	5
happy	stop	5
leather	sunshine	5
piano	wolf	5
garage	mammal	5
female	machine	5
carrot	city	5
rice	ticket	5
dragon	furniture	5
girl	morning	5
meat	pond	5
graveyard	pug	5
map	weed	5
chair	ipod	5
burger	mountain	5
eat	hair	5
bottle	library	5
dew	engine	5
ipod	rope	5
skull	storm	5
goose	outfit	5
frog	subway	5
paw	theatre	5
canyon	piano	5
canal	silhouette	5
hang	mom	5
play	wine	5
mammal	rope	5
sunglasses	weed	5
goose	locomotive	5
flame	sidewalk	5
insect	mom	5
leather	swan	5
reading	seagull	5
lick	rusty	5
raspberry	write	5
monkey	restaurant	5
punk	skyscraper	5
live	makeup	5
breakfast	staircase	5
bike	flame	5
tea	whisker	5
advertisement	pond	5
rodent	smile	5
handwriting	pig	5
chocolate	squirrel	5
petal	pug	5
parking	photographer	5
hill	rust	5
interior	mushroom	5
carnival	wool	5
concrete	swan	5
costume	ocean	6
stripe	weather	6
butterfly	leave	6
dye	kiss	6
parade	salad	6
exhibition	soup	6
journal	squirrel	6
cattle	web	6
floor	transformer	6
kitten	travel	6
pigeon	reading	6
angel	construction	6
baseball	cheetah	6
amphibian	berry	6
craft	soup	6
chapel	whisker	6
marble	monkey	6
cow	table	6
lego	rodent	6
drive	lego	6
abstract	vehicle	6
camel	highway	6
bear	construction	6
crab	grave	6
canyon	pizza	6
bacon	view	6
chair	word	6
baseball	bear	6
cake	rusty	6
jellyfish	punk	6
museum	swim	6
subway	valentine	6
cheetah	flame	6
animal	candy	6
horse	interior	6
grass	skull	6
lock	misty	6
clown	flood	6
chess	sleep	6
bag	wild	6
jump	salad	6
branch	lego	6
fly	sexy	6
reptile	vacation	6
pyramid	swimsuit	6
hamster	party	6
game	husky	6
grass	stop	6
aerial	violet	6
ink	tropical	6
baseball	cactus	6
party	sink	6
crab	ink	6
dandelion	stand	6
swim	vehicle	6
ancient	poster	6
origami	stadium	6
tall	wool	7
guy	stop	7
angel	pod	7
cemetery	cone	7
chapel	dusk	7
bible	cottage	7
frost	protest	7
butterfly	stadium	7
cat	locomotive	7
haircut	pyramid	7
bay	chipmunk	7
drop	fun	7
bicycle	handwriting	7
nut	waterfall	7
drive	ear	7
purple	twig	7
auto	santa	7
dude	stop	7
angel	asphalt	7
pumpkin	road	7
cute	twig	7
face	stop	7
hang	smile	7
makeup	square	7
blonde	rock	7
cat	purple	7
snake	taxi	7
apple	relax	7
chocolate	rock	7
storm	sweet	7
ski	skirt	7
bread	chair	7
portrait	underground	7
pillow	stone	7
marble	sunglasses	7
airplane	guitar	7
bikini	sculpture	7
mammal	yellow	7
belly	field	7
museum	scratch	7
bear	hockey	7
bible	dirt	7
kitten	rain	7
neon	tank	7
sign	stocking	7
graveyard	porch	7
bear	subway	7
flame	peacock	7
mallard	poster	7
dead	sidewalk	7
dessert	head	7
marble	sing	7
bloom	friend	7
brick	dress	7
bread	ocean	7
rusty	tear	7
haircut	stop	7
gun	jaguar	7
wash	web	7
automobile	fabric	7
cloud	kitten	7
berry	fly	7
stocking	tomato	7
drug	reflection	7
cigarette	tile	7
dragon	oak	7
building	zombie	7
puddle	red	7
bakery	panorama	7
jaguar	pier	7
gun	picture	7
diner	muscle	7
bud	floor	7
air	knit	7
clock	stripe	7
idea	stop	7
eat	underwater	7
paint	sing	7
bath	panorama	7
restaurant	violet	7
makeup	race	7
chopper	poppy	7
goat	vinyl	7
bucket	duck	8
grave	santa	8
lighting	small	8
lingerie	underground	8
fish	leg	8
kiss	rusty	8
abandon	crane	8
leaf	moon	8
protest	tile	8
marble	postcard	8
guy	rusty	8
milk	outdoor	8
dude	time	8
day	hold	8
canal	number	8
jewelry	muscle	8
cherry	lamb	8
hair	shore	8
sea	sing	8
gasoline	summer	8
skin	television	8
dirty	eagle	8
ceramic	ocean	8
kitchen	outfit	8
mug	vehicle	8
footprint	holiday	8
beard	sport	8
grass	ski	8
cop	music	8
kitchen	sleep	8
necklace	snow	8
palm	traffic	8
iron	splash	8
dirt	gymnastics	8
book	smoking	8
bedroom	downtown	8
vintage	zebra	8
orange	wet	8
feline	pumpkin	8
jean	map	8
beetle	chocolate	8
desert	roof	8
seagull	tag	8
bag	cop	8
book	ceramic	8
monkey	pumpkin	8
garbage	jean	8
van	vine	8
dessert	eye	8
lick	origami	8
cold	flag	8
chocolate	jellyfish	8
bedroom	feline	8
computer	farm	8
car	pig	8
boxer	stair	8
rainbow	whale	9
club	river	9
dragon	drop	9
collar	garbage	9
diamond	parade	9
shade	whisker	9
fly	keyboard	9
smoking	vine	9
goat	pebble	9
action	whisker	9
mill	puddle	9
branch	protest	9
lighting	man	9
camera	mallard	9
ancient	pod	9
daffodil	frost	9
lighting	panda	9
boxer	child	9
banana	foot	9
leave	night	9
bed	candy	9
bird	pregnancy	9
smoking	sunny	9
seed	stair	9
explosion	table	9
eat	web	9
poppy	store	9
santa	table	9
night	sticker	9
cactus	leg	9
art	beer	9
eat	truck	9
dude	post	9
bucket	morning	9
porch	pug	9
air	fruit	9
rabbit	stop	9
bench	mask	9
horse	sweet	9
snake	strawberry	9
daughter	pub	9
poster	tank	9
belly	dark	9
flame	word	9
green	number	9
canal	coffee	9
kitten	lingerie	9
daughter	graphic	9
monster	shell	9
dancer	rusty	9
leave	morning	9
soup	view	9
dog	sailing	9
abandon	button	9
clock	pink	9
lock	mannequin	9
paper	railway	9
lip	run	9
small	valley	9
hot	winter	9
ink	organ	9
ivy	urban	9
burn	ripple	9
book	copper	9
creature	reading	9
camera	crow	9
chicken	star	9
noodle	pigeon	9
clothes	transformer	9
lick	stop	9
abandon	frost	9
fungus	leather	9
hold	theatre	9
hockey	sign	9
idea	rusty	9
couple	square	9
dog	silver	9
lick	marble	9
feel	spiral	9
beard	flamingo	9
punk	toe	9
arm	outdoor	9
shed	traffic	9
breakfast	makeup	10
asphalt	moon	10
bacon	wild	10
home	wet	10
cemetery	male	10
leave	sit	10
asphalt	water	10
portrait	rocket	10
track	yellow	10
construction	sailing	10
friend	leave	10
lady	stop	10
cafe	spiral	10
step	wind	10
shirt	show	10
barn	mug	10
cute	sit	10
lens	storm	10
grape	rainbow	10
face	hang	10
orange	school	10
military	wasp	10
friend	stop	10
duck	outfit	10
coast	zebra	10
flood	neon	10
break	glitter	10
craft	van	10
jacket	stream	10
jump	stitch	10
feel	hang	10
alley	bloom	10
morning	tear	10
sticker	track	10
arm	television	10
bag	dude	10
dusk	skirt	10
arrow	mural	10
lab	rusty	10
friend	rusty	10
cocktail	dandelion	10
airport	foot	10
car	hawk	10
bright	rusty	10
family	hawk	10
mom	stop	10
ad	bacon	10
collar	tiger	10
green	phone	10
cigarette	live	10
stand	tear	10
rusty	stand	10
clothes	skyline	10
furniture	nature	10
port	squirrel	10
burn	reading	10
purple	stripe	10
footprint	scooter	10
play	rail	10
dirty	smile	10
cross	shopping	10
sit	tear	10
plant	skate	10
guy	hang	10
morning	stop	10
escalator	redhead	10
jaguar	storm	10
feather	sunflower	10
keyboard	soldier	10
drug	sing	10
bacon	guy	10
caterpillar	paint	10
house	stop	10
feel	time	10
gasoline	pepper	10
monster	rock	10
outfit	rock	10
drip	round	10
memorial	rope	10
car	skull	10
display	pond	10
pizza	railway	10
boy	gate	10
match	moss	11
cross	mug	11
interior	tall	11
patio	swan	11
computer	railway	11
fun	morning	11
cigarette	hotel	11
day	plane	11
patio	woman	11
eat	shade	11
auto	bright	11
mural	taxi	11
country	hang	11
leave	smile	11
animal	sandwich	11
collection	jellyfish	11
moon	mushroom	11
cute	post	11
dirty	friend	11
camera	rally	11
hair	lizard	11
concrete	pin	11
bucket	curve	11
night	sit	11
machine	sketch	11
art	sailing	11
happy	sit	11
lawn	sleep	11
chopper	window	11
cute	dirty	11
fun	stop	11
bead	chess	11
branch	feline	11
body	miniature	11
cafe	child	11
daisy	flood	11
bottle	construction	11
drip	rust	11
military	reflection	11
skating	sticker	11
stripe	tank	11
gold	idea	11
leave	rusty	11
boxer	pyramid	11
jump	sunlight	11
cute	lick	11
paint	puddle	11
green	gull	11
fashion	handwriting	11
fishing	rainbow	11
hang	stop	11
feel	haircut	11
furniture	man	11
cop	ruin	11
architecture	yellow	11
foliage	restaurant	11
crochet	family	11
desert	smoke	11
bead	library	11
airplane	market	11
happy	lick	11
dome	uniform	11
live	stitch	11
hang	tear	11
tea	village	11
line	temple	11
dude	hang	11
blur	metro	11
smile	stop	11
blue	hand	11
skirt	wig	11
bathroom	dude	11
belly	stripe	11
cafe	draw	11
gull	mill	11
daffodil	wool	11
country	elephant	11
handle	terrier	11
dew	parrot	11
mallard	portrait	11
office	sun	11
theatre	wolf	12
baseball	rainbow	12
colour	wild	12
cross	outfit	12
fun	tear	12
lamb	lantern	12
boxer	diner	12
mill	wild	12
lighting	sleep	12
bath	wine	12
brown	wet	12
collage	stream	12
boxer	swimming	12
chair	holiday	12
guy	happy	12
drop	rusty	12
circle	wig	12
number	web	12
cross	pub	12
design	orange	12
dude	happy	12
crane	stair	12
coffee	sun	12
breakfast	floor	12
shore	tear	12
kiss	stop	12
step	swimsuit	12
grass	ruin	12
dawn	drug	12
guy	gymnastics	12
blue	swing	12
dude	feel	12
frog	poppy	12
display	scratch	12
field	red	12
punk	vinyl	12
quote	santa	12
patio	sleep	12
aerial	clown	12
hat	peel	12
lunch	sunshine	12
belly	draw	12
twig	underground	12
ball	curl	12
curve	outdoor	12
parade	table	12
pin	truck	12
frost	lily	12
fabric	photo	12
husky	match	12
brown	demolition	12
owl	rocket	12
city	family	12
shore	small	12
face	stand	12
interior	skyline	12
bikini	ivy	12
cookie	peel	12
lighting	stone	12
party	scooter	12
dirty	dude	12
foot	mural	12
kid	stop	12
cactus	porch	12
porch	scooter	12
couple	post	12
cocktail	garage	12
highway	squirrel	12
creature	grey	12
black	pigeon	13
gymnastics	port	13
man	transformer	13
lighting	person	13
black	paw	13
ruin	swimsuit	13
rope	shore	13
blonde	eye	13
day	horse	13
lady	sunset	13
church	soldier	13
ceramic	live	13
ruin	shore	13
redhead	reflection	13
people	stop	13
button	flower	13
lily	pig	13
landscape	umbrella	13
downtown	field	13
abstract	rose	13
boardwalk	drop	13
outfit	play	13
belly	dirty	13
guy	wire	13
party	seat	13
can	sketch	13
rope	train	13
crystal	silhouette	13
dirty	haircut	13
dark	sand	13
frozen	pebble	13
old	seat	13
beer	wild	13
beef	downtown	13
orange	shop	13
feather	reptile	13
fence	friend	13
airplane	camera	13
feel	guy	13
mom	snowman	13
cafe	reflection	13
feel	stop	13
bar	female	13
circle	sport	13
iris	necklace	13
bear	boxer	13
cactus	fall	13
sunny	zoo	13
egg	lego	13
frozen	shop	13
bucket	insect	13
dirty	happy	13
abstract	candle	13
boot	cliff	13
pattern	pier	13
boxer	reflection	13
dirty	hang	13
bear	play	13
hang	happy	13
curl	lick	13
stripe	train	14
stair	steel	14
bay	parking	14
guy	poodle	14
party	sailing	14
building	sandwich	14
cute	music	14
flight	rain	14
sit	smile	14
flower	interior	14
ford	valley	14
aircraft	asphalt	14
pet	poster	14
couple	outdoor	14
arrow	boxer	14
frost	summer	14
pool	rust	14
husky	play	14
makeup	old	14
beard	kitty	14
race	square	14
insect	stork	14
pin	wing	14
abstract	rally	14
happy	post	14
dark	stripe	14
lantern	oak	14
draw	wing	14
door	skyscraper	14
cottage	outfit	14
colorful	lab	14
pub	wash	14
fire	movie	14
drip	rusty	14
nature	tv	14
cheerleader	scenery	14
downtown	lock	14
seagull	urban	14
friend	sexy	14
bathroom	garden	14
bag	wire	14
leave	play	14
downtown	hockey	14
dead	guy	14
magazine	run	14
eat	seagull	14
game	sign	14
basket	moss	14
animal	mural	14
paper	vine	14
bead	redhead	14
diamond	stencil	14
kiss	sit	14
pink	shade	14
leather	weed	14
cherry	meat	14
dark	flamingo	14
dead	face	14
lick	sit	14
smile	stand	14
egg	family	14
cop	gravestone	14
apartment	valley	14
belly	black	14
note	rally	14
industrial	lake	14
leave	walk	14
flag	quote	14
game	goat	14
sink	time	14
dessert	tomato	14
friend	sit	14
aircraft	guy	14
book	building	14
blue	poster	14
monkey	oak	14
garden	smoke	14
animal	hand	14
glass	mill	14
happy	walk	14
art	christmas	15
cute	friend	15
guy	idea	15
fun	haircut	15
chipmunk	illustration	15
colorful	wood	15
evening	surfer	15
graveyard	silver	15
brick	skyline	15
auto	round	15
night	sunshine	15
mist	temple	15
arm	bicycle	15
ceramic	church	15
dead	pigeon	15
food	wild	15
travel	wood	15
smile	view	15
stripe	urban	15
hamster	lock	15
foliage	purple	15
dude	kid	15
demolition	tall	15
insect	number	15
hair	stencil	15
bar	boat	15
dirty	fun	15
bathroom	sleep	15
fungus	pattern	15
husky	painting	15
mom	sit	15
haircut	hang	15
amphibian	flamingo	15
breakfast	night	15
city	round	15
chess	family	15
rusty	shade	15
abstract	moon	15
restaurant	scenery	15
button	police	15
makeup	skull	15
bedroom	diner	15
hang	morning	15
cow	station	15
ripple	shadow	15
coin	musician	15
foot	outdoor	15
nail	wolf	15
pole	weather	15
apartment	child	15
guy	tear	15
home	smoking	15
outfit	sign	15
postcard	texture	15
ad	track	15
candle	line	15
smile	time	15
club	cone	15
gravestone	silhouette	15
cold	silver	15
bar	ship	15
hang	stencil	15
school	tear	15
bright	mist	15
bud	shade	15
action	dress	15
hang	leave	15
bath	sleep	15
play	sailing	15
eye	sky	16
air	carnival	16
amphibian	stork	16
autumn	hat	16
family	square	16
family	town	16
feather	insect	16
blue	happy	16
cross	post	16
dinner	sleep	16
gold	texture	16
dinner	morning	16
nature	new	16
glitter	vintage	16
dirty	tear	16
bridge	ceramic	16
band	ear	16
fabric	handle	16
relax	restaurant	16
arm	white	16
asphalt	crane	16
button	grey	16
design	muscle	16
bay	curve	16
waterfall	wood	16
kitchen	staircase	16
foot	train	16
curve	dance	16
guy	stand	16
leg	stripe	16
abstract	feel	16
demolition	skyline	16
auto	quote	16
office	woman	16
cute	dude	16
aquarium	coin	16
action	subway	16
post	white	16
hotel	oak	16
flight	museum	16
pattern	time	16
red	uniform	16
bakery	vehicle	16
ford	wall	16
path	sunflower	16
dude	husky	16
band	bride	16
animal	clown	16
flight	jaguar	16
line	underground	16
ruin	valley	16
bus	crane	16
alley	punk	16
club	sign	16
cherry	peel	16
bible	leaf	16
bed	stair	16
sunshine	winter	16
garbage	underground	16
feel	fun	16
happy	toe	16
bright	grey	16
band	stocking	16
bacon	sweet	16
circle	snake	16
bathroom	stair	16
apartment	beach	16
paper	tattoo	16
ceiling	patio	16
clown	jellyfish	16
sunshine	wet	16
grave	shore	16
snow	sunny	16
castle	patio	16
metro	television	16
bed	kitchen	17
old	race	17
curl	leaf	17
hummingbird	moss	17
parade	store	17
gate	pebble	17
handle	shop	17
jellyfish	texture	17
shade	whale	17
game	scooter	17
reptile	swim	17
lab	spider	17
foot	friend	17
feel	stair	17
desk	match	17
graveyard	house	17
muscle	nature	17
play	spiral	17
happy	stand	17
cute	idea	17
bed	picture	17
breakfast	people	17
oak	petal	17
graphic	roof	17
branch	tea	17
handle	tram	17
guy	sit	17
ball	square	17
bay	porch	17
glass	road	17
pepper	sunflower	17
dude	sit	17
collection	work	17
black	cigarette	17
blue	sock	17
dude	fun	17
frozen	soup	17
garbage	lunch	17
country	library	17
play	sign	17
lake	town	17
happy	night	17
interior	toy	17
port	sweet	17
bedroom	pool	17
hang	time	17
interior	tower	17
dusk	gull	17
handle	lighting	17
bicycle	green	17
book	gold	17
bar	stair	17
red	tea	17
cute	fashion	17
lunch	sunny	17
club	play	17
couple	race	17
night	stop	17
autumn	daffodil	18
abandon	railroad	18
fly	toy	18
feel	sit	18
dragonfly	underwater	18
brown	pelican	18
stripe	violet	18
patio	wash	18
cold	ear	18
coast	downtown	18
man	stand	18
reptile	stork	18
ruin	tower	18
parrot	reptile	18
fountain	parade	18
coast	sketch	18
church	cookie	18
hotel	sand	18
dark	rusty	18
cold	sunshine	18
brown	insect	18
demolition	interior	18
escalator	station	18
cop	dirty	18
landscape	stadium	18
band	vinyl	18
hotel	library	18
coast	sink	18
couple	makeup	18
breakfast	evening	18
aquarium	seagull	18
green	lantern	18
bedroom	porch	18
lunch	walk	18
female	live	18
frost	hot	18
crystal	dirt	18
haircut	smile	18
painting	work	18
pelican	toe	18
house	windmill	18
garage	garden	18
hang	rusty	18
parking	scenery	18
dude	smile	18
fungus	insect	18
steel	town	18
bag	flag	18
light	shed	18
cross	tower	18
dirty	rabbit	18
city	old	18
feel	friend	18
star	storm	18
bright	violet	18
smile	walk	18
colorful	duck	18
architecture	table	18
butterfly	transformer	18
dawn	snow	18
dragon	metal	18
pigeon	round	18
aircraft	door	18
dew	sunshine	18
origami	white	18
family	old	18
dinner	relax	18
porch	ruin	18
lion	pelican	19
makeup	town	19
gull	insect	19
guy	kiss	19
cold	summer	19
butterfly	glitter	19
leave	stop	19
morning	sit	19
cute	fun	19
city	mill	19
burger	frozen	19
black	seat	19
petal	shade	19
foliage	frost	19
evening	friend	19
dirty	guy	19
chapel	porch	19
market	white	19
shop	summer	19
can	mill	19
country	work	19
blonde	dark	19
frost	sunshine	19
sit	sleep	19
bathroom	porch	19
doll	new	19
gull	mammal	19
market	orange	19
object	piano	19
bloom	glitter	19
chain	engine	19
night	sunny	19
dessert	meat	19
interior	skyscraper	19
figure	spiral	19
miniature	paint	19
desk	white	19
graffito	interior	19
gravestone	pattern	19
bird	shade	19
cone	palm	19
soup	sweet	19
bud	purple	19
apartment	sleep	19
bed	staircase	19
arm	caterpillar	19
female	race	19
club	match	19
breakfast	relax	20
porch	tower	20
grave	number	20
fun	guy	20
dead	hang	20
club	shirt	20
patio	spring	20
cow	pregnancy	20
dark	yellow	20
salad	sunflower	20
skateboard	swimsuit	20
autumn	bud	20
bright	fruit	20
object	scooter	20
fun	night	20
chicken	pepper	20
dancer	palace	20
game	rocket	20
bedroom	patio	20
feather	grey	20
baseball	show	20
cone	hill	20
interior	porch	20
mom	smile	20
farm	wind	20
salad	sweet	20
drip	hot	20
guitar	vinyl	20
heart	wing	20
mill	sunflower	20
black	bright	20
brown	hummingbird	20
cone	windmill	20
cold	wash	20
coffee	room	20
couple	male	20
flamingo	insect	20
fountain	hill	20
food	gull	20
bathroom	patio	20
male	old	20
dark	red	20
relax	sunshine	20
racing	shirt	20
concrete	interior	20
porch	stone	20
hold	nest	20
friend	relax	20
escalator	railway	20
floor	sit	20
cold	sun	20
fun	time	20
dusk	hummingbird	20
frozen	salad	20
badge	metro	20
desert	road	20
glitter	night	20
gate	hotel	20
bed	patio	20
idea	people	20
berry	bright	20
cute	mammal	20
mammal	nest	20
amphibian	hummingbird	20
downtown	ruin	20
couple	old	20
makeup	people	20
camel	outdoor	20
kiss	tear	20
bedroom	breakfast	21
fruit	sunflower	21
flower	shade	21
city	small	21
dance	hotel	21
red	shade	21
feline	reptile	21
ruin	town	21
sweet	vine	21
feel	idea	21
chipmunk	wolf	21
female	old	21
field	squirrel	21
brick	interior	21
guy	walk	21
skin	skirt	21
lake	whale	21
lunch	morning	21
bathroom	staircase	21
horse	work	21
downtown	shore	21
cliff	shore	21
key	stone	21
misty	snow	21
people	stair	21
school	traffic	21
barn	food	21
decoration	twig	21
glitter	smile	21
hawk	insect	21
skin	sunglasses	21
square	town	21
crystal	spiral	21
shade	yellow	21
steel	wing	21
breakfast	hotel	21
cat	garden	21
live	race	21
brown	hawk	21
dirty	drip	21
model	toe	21
curl	whisker	21
redhead	rusty	21
cute	mom	21
ceramic	colour	21
foot	piano	21
shopping	street	21
dessert	pepper	21
run	train	21
bike	patio	21
dark	violet	21
hang	sit	21
cliff	fence	21
shore	waterfall	21
drug	musician	21
house	poster	21
couple	female	21
colorful	frame	21
lunch	relax	21
dinner	room	21
jean	wash	21
drop	time	21
dome	interior	21
key	motor	21
misty	sunny	21
foliage	pink	21
sunny	winter	21
gasoline	town	21
fall	stand	21
art	drive	21
cliff	sand	21
action	truck	22
skate	vehicle	22
church	porch	22
demolition	skyscraper	22
arch	brick	22
cathedral	interior	22
person	stair	22
happy	sleep	22
colorful	toy	22
cute	feel	22
pumpkin	valley	22
interior	patio	22
guy	smile	22
breakfast	sit	22
misty	sunset	22
misty	sky	22
feel	sleep	22
cherry	vine	22
hill	shore	22
rock	sing	22
sunny	wet	22
pink	skirt	22
ivy	wall	22
automobile	police	22
happy	idea	22
camera	painting	22
autumn	frost	22
escalator	underground	22
movie	shopping	22
dark	pod	22
child	live	22
light	sleep	22
boardwalk	evening	22
sit	time	22
bead	gold	22
frost	sunny	22
clothes	haircut	22
mammal	pelican	22
bath	patio	22
insect	twig	22
foliage	violet	22
morning	smile	22
black	stripe	22
church	interior	22
band	outfit	22
dessert	noodle	22
grey	rusty	22
blue	skirt	22
dessert	rice	22
orchid	patio	22
shade	twig	22
post	quote	22
black	pencil	22
evening	sunshine	22
market	sushi	22
hummingbird	reptile	22
band	track	22
dark	pink	22
happy	morning	22
shop	show	23
brick	porch	23
leather	rope	23
morning	relax	23
footprint	tile	23
scenery	shore	23
city	lamp	23
dirty	feel	23
arch	concrete	23
daisy	gravestone	23
rock	track	23
face	guy	23
basket	dinner	23
shade	white	23
sink	sunset	23
city	firework	23
miniature	painting	23
guy	kid	23
kiss	smile	23
pregnancy	sit	23
eat	rabbit	23
ceiling	door	23
eat	frozen	23
coffee	lunch	23
field	skyscraper	23
blue	dark	23
haircut	sexy	23
sit	staircase	23
friend	night	23
dessert	sandwich	23
lamb	snow	23
nail	rusty	23
scenery	sketch	23
burger	dessert	23
deer	insect	23
boy	hand	23
concrete	school	23
hill	river	23
forest	hummingbird	23
cathedral	ruin	23
hummingbird	rodent	23
lamb	mother	23
beer	patio	23
air	dew	23
craft	note	23
live	male	23
cone	diamond	23
cold	drip	23
card	party	23
bright	foliage	23
dessert	soup	23
frost	plant	23
dessert	lunch	23
evening	lunch	23
misty	mountain	23
airport	asphalt	23
fall	love	23
autumn	shade	23
cute	lady	23
foliage	tall	23
fire	sand	23
beauty	orchid	23
happy	home	23
cafe	relax	23
orange	shade	23
evening	misty	23
oak	rose	23
key	palace	23
amphibian	brown	23
glitter	misty	23
dessert	wine	23
dark	orange	23
exhibition	work	23
ceiling	marble	23
evening	relax	24
black	skirt	24
stripe	white	24
bench	game	24
mist	sunlight	24
bridge	ford	24
garden	kitchen	24
cute	smile	24
arch	wall	24
architecture	shade	24
daisy	purple	24
frost	grass	24
frost	spring	24
blue	shirt	24
orange	salad	24
cafe	street	24
ruin	skyline	24
stripe	yellow	24
barn	owl	24
door	kitchen	24
nude	painting	24
ruin	village	24
old	town	24
cute	haircut	24
chapel	tower	24
skirt	white	24
bedroom	staircase	24
mist	sunny	24
cocktail	relax	24
fruit	meat	24
hill	town	24
breakfast	sleep	24
porch	wall	24
family	female	24
amphibian	wild	24
shore	town	24
sexy	smile	24
berry	ivy	24
rice	yellow	24
cottage	scenery	24
porch	room	24
post	view	24
dirty	hand	24
diner	patio	24
snow	sunshine	24
bedroom	stair	24
drop	hang	24
blonde	cute	24
hawk	mammal	24
cake	christmas	24
family	male	24
amphibian	dragonfly	24
bar	relax	24
shore	valley	24
fountain	marble	24
deer	elephant	24
harbor	sink	24
dress	match	24
morning	weather	24
feather	wild	24
hummingbird	mammal	24
feel	tear	24
bright	raspberry	24
hawk	reptile	24
line	street	24
makeup	reflection	24
bloom	purple	24
sketch	texture	24
palm	twig	24
fun	lego	24
bath	floor	24
daisy	pink	24
happy	time	24
pepper	strawberry	24
bed	ceiling	24
bright	purple	24
bread	dessert	24
fungus	rust	24
cathedral	step	24
harbour	sink	25
dessert	orange	25
cold	misty	25
show	sketch	25
baseball	shirt	25
dude	sexy	25
architecture	skyline	25
mist	sunshine	25
red	stripe	25
decoration	tulip	25
meat	pepper	25
track	vinyl	25
angel	sculpture	25
interior	object	25
interior	stair	25
cold	puddle	25
coast	valley	25
mammal	reptile	25
ceiling	stair	25
crane	wild	25
hang	stand	25
bud	pink	25
puddle	street	25
insect	mammal	25
clothes	cute	25
evening	sunny	25
blue	bright	25
shade	violet	25
blue	shade	25
eye	smile	25
bathroom	sit	25
garden	house	25
chicken	mammal	25
sing	write	25
family	live	25
crochet	jewelry	25
castle	ruin	25
couple	live	25
carrot	sunflower	25
valley	village	25
patio	staircase	25
floor	skyscraper	25
guy	sleep	25
bud	ivy	25
amphibian	pelican	25
dragonfly	reptile	25
canine	lick	25
craft	game	25
green	shade	25
cute	sexy	25
blue	stripe	25
brown	gull	25
relax	scenery	25
blur	eye	25
outfit	punk	25
smoke	sun	25
kitchen	porch	26
hand	leave	26
fun	sexy	26
bathroom	bed	26
bright	shade	26
sweet	wine	26
festival	gate	26
plane	sailing	26
canine	run	26
parking	underground	26
carrot	fruit	26
ceiling	kitchen	26
bath	bed	26
friend	guy	26
hummingbird	tropical	26
marble	wall	26
bus	rail	26
construction	downtown	26
bedroom	relax	26
blue	fabric	26
mountain	sea	26
beef	deer	26
fruit	potato	26
bench	boardwalk	26
live	old	26
patio	room	26
beef	salad	26
coin	ticket	26
happy	kiss	26
hill	horizon	26
flood	line	26
lunch	sit	26
goose	wolf	26
brick	skyscraper	26
happy	mom	26
sea	sink	26
escalator	metro	26
frost	shade	26
cute	guy	26
guy	sexy	26
palace	ruin	26
frog	whale	26
grey	stripe	26
panda	pig	26
theatre	tv	26
guitar	track	26
apartment	pool	26
hummingbird	insect	26
black	paint	26
collage	sculpture	26
nature	snowman	26
misty	scenery	26
beef	pepper	26
restaurant	shopping	26
cherry	sweet	26
park	skate	26
frog	tropical	26
glitter	scenery	26
cooking	frozen	26
amphibian	insect	27
flower	weather	27
fall	stop	27
pepper	soup	27
sit	stop	27
brown	feather	27
hot	spring	27
lily	purple	27
abandon	soldier	27
kitchen	patio	27
pepper	tomato	27
kitchen	sit	27
cottage	patio	27
graveyard	ruin	27
breakfast	room	27
baseball	club	27
kitchen	stair	27
dawn	spring	27
blonde	curl	27
bath	kitchen	27
band	metal	27
cold	mist	27
cute	happy	27
lighthouse	wall	27
flamingo	mammal	27
cooking	dessert	27
gull	reptile	27
cliff	sea	27
salad	strawberry	27
floor	kitchen	27
hill	road	27
sailing	sink	27
room	stair	27
bath	bedroom	27
building	sidewalk	27
mushroom	salad	27
bike	rally	27
train	underground	27
hot	wash	27
skyline	tall	27
ruin	stone	27
match	round	27
misty	sunshine	27
day	weather	27
pregnant	round	27
bird	wild	27
cliff	scenery	27
dusk	misty	27
nest	reptile	27
button	sticker	27
face	glitter	27
dirty	rusty	27
apartment	patio	27
child	fun	27
cottage	sleep	27
happy	tear	27
outdoor	swimming	27
collar	skirt	27
petal	purple	27
clothes	sexy	27
friend	lady	27
alley	racing	27
evening	walk	27
porch	staircase	27
station	theatre	27
bed	sit	27
eat	sweet	27
church	graveyard	27
line	metro	27
cottage	garden	27
berry	foliage	27
cliff	harbour	27
cloud	ripple	27
smile	tear	27
ford	river	27
line	subway	27
valley	waterfall	28
beard	blonde	28
happy	sexy	28
nest	stork	28
porch	window	28
daffodil	purple	28
purple	shade	28
evening	fun	28
bear	daughter	28
scenery	sunny	28
brick	staircase	28
lake	scenery	28
petal	pink	28
collage	paint	28
bacon	tomato	28
bacon	pepper	28
flag	stripe	28
guitar	punk	28
mushroom	pepper	28
bloom	pink	28
jump	swimming	28
patio	pool	28
dark	purple	28
boy	live	28
carrot	pepper	28
insect	rodent	28
burger	mac	28
stand	walk	28
harbour	town	28
beef	tomato	28
city	square	28
colour	dark	28
roof	staircase	28
stair	wall	28
frost	rain	28
paint	sculpture	28
bird	dragonfly	28
hot	water	28
rice	soup	28
pool	relax	28
sock	white	28
color	shade	28
scenery	sunshine	28
bacon	sandwich	28
christmas	valentine	28
bacon	potato	28
dandelion	seed	28
patio	stair	28
dessert	raspberry	28
sidewalk	street	28
river	scenery	28
door	floor	28
chapel	ruin	28
bedroom	floor	28
brick	ceiling	28
fog	sunny	28
chain	store	28
feel	smile	28
coast	hill	28
doodle	scratch	28
patio	sit	28
misty	morning	28
arch	bridge	28
chapel	gravestone	28
bird	mammal	29
cold	sunny	29
brown	pink	29
brick	roof	29
door	staircase	29
foliage	shade	29
dark	white	29
daisy	foliage	29
bacon	dessert	29
city	ruin	29
beauty	peacock	29
nut	sunflower	29
floor	stair	29
dark	silhouette	29
day	lunch	29
room	sit	29
downtown	shopping	29
hotel	relax	29
amphibian	bird	29
lick	puppy	29
metal	punk	29
match	stadium	29
apartment	bathroom	29
bacon	bread	29
coast	scenery	29
glass	vinyl	29
flower	wild	29
bay	swim	29
blossom	ivy	29
meat	soup	29
hot	wet	29
shirt	white	29
lick	lip	29
camera	theatre	29
boardwalk	park	29
kitty	lick	29
bright	pink	29
foliage	moss	29
gull	hummingbird	29
city	downtown	29
lunch	tea	29
friend	fun	29
arch	porch	29
ancient	city	29
wet	winter	29
camel	desert	29
chess	toy	29
berry	dessert	29
hill	path	29
grey	red	29
monument	ruin	29
lick	paw	29
petal	twig	29
flower	purple	29
couple	family	29
line	lunch	29
restaurant	room	29
kitchen	wash	29
bay	cliff	29
happy	kid	29
cattle	goat	29
interior	outdoor	29
mist	sky	30
fruit	sweet	30
beach	pebble	30
cloud	sunlight	30
bed	floor	30
harbour	scenery	30
cherry	dessert	30
dude	friend	30
friend	smile	30
blur	lens	30
blonde	wig	30
band	uniform	30
forest	tropical	30
cooking	fruit	30
feel	kiss	30
door	stair	30
belly	dance	30
lake	valley	30
apartment	kitchen	30
blossom	violet	30
door	porch	30
chicken	salad	30
pod	round	30
door	patio	30
dawn	sunshine	30
shade	sunlight	30
man	sexy	30
orange	white	30
fishing	shore	30
costume	shirt	30
punk	rock	30
colorful	outfit	30
flower	fruit	30
bright	yellow	30
bloom	twig	30
burger	soup	30
misty	sunrise	30
dark	shade	30
abstract	museum	30
door	interior	30
cloud	sunny	30
foliage	fruit	30
house	staircase	30
cliff	waterfall	30
stop	time	30
railroad	underground	30
bedroom	kitchen	30
burger	salad	30
roof	stair	30
station	underground	30
glitter	star	30
flamingo	mallard	30
foliage	orchid	30
bright	red	30
fun	idea	30
female	makeup	30
grey	yellow	30
match	play	30
insect	plant	30
cold	water	30
rain	sun	30
cafe	donut	30
musician	punk	30
bacon	salad	30
collage	painting	30
garage	kitchen	30
reptile	rodent	30
foot	tall	30
memorial	people	30
mud	water	30
club	hockey	30
foliage	yellow	30
foliage	ivy	31
ceramic	floor	31
giraffe	lion	31
interior	staircase	31
relax	sit	31
shirt	sock	31
dirt	racing	31
love	smile	31
collage	exhibition	31
hawk	wild	31
bacon	burger	31
vine	wine	31
bright	orange	31
orange	raspberry	31
berry	eat	31
bride	photographer	31
boy	school	31
brown	violet	31
play	stadium	31
black	violet	31
bag	pillow	31
cooking	salad	31
coast	sailing	31
pepper	potato	31
fall	tear	31
berry	purple	31
day	evening	31
jump	leg	31
fun	relax	31
blue	white	31
hat	outfit	31
collage	illustration	31
ceiling	window	31
glitter	sunshine	31
hat	jean	31
pink	red	31
downtown	subway	31
boardwalk	trail	31
pet	terrier	31
flower	yellow	31
hand	stand	31
forest	frog	31
cute	kid	31
exhibition	painting	31
food	fruit	31
guy	sport	31
bread	salad	31
reptile	wild	31
hawk	mallard	31
desert	mountain	31
red	white	31
hockey	play	31
apple	blossom	31
interior	paint	31
burger	cooking	31
drip	wash	31
lawn	patio	31
ball	drop	31
small	village	31
dandelion	foliage	31
blossom	purple	31
dessert	salad	31
dawn	misty	31
girl	sexy	31
jean	shirt	31
floor	staircase	31
cold	wet	31
room	staircase	31
fungus	moss	31
bathroom	ceiling	31
bird	reptile	31
bud	fruit	31
dark	grey	31
hot	weather	31
interior	roof	31
chapel	graveyard	31
dew	frost	31
bathroom	floor	31
mammal	wild	31
skyline	tower	31
floor	porch	31
frozen	raspberry	31
cold	rain	31
handwriting	sketch	32
ink	pencil	32
evening	morning	32
dragonfly	pond	32
ceiling	staircase	32
foliage	twig	32
bench	sit	32
morning	sunset	32
decoration	lighting	32
insect	lizard	32
violet	white	32
hummingbird	pelican	32
game	play	32
hotel	house	32
bike	chopper	32
cocktail	dinner	32
dinner	sit	32
airport	traffic	32
city	live	32
festival	musician	32
bacon	soup	32
bar	diner	32
dessert	frozen	32
mud	sand	32
autumn	sunshine	32
bikini	lake	32
rain	sunny	32
morning	time	32
guy	haircut	32
apartment	bedroom	32
frost	wet	32
brown	white	32
friend	love	32
foliage	tulip	32
face	happy	32
berry	twig	32
day	sunny	32
drip	puddle	32
cooking	diner	32
grey	orange	32
grey	pink	32
outdoor	pool	32
iron	rusty	32
construction	skyscraper	32
brown	red	32
black	yellow	32
jacket	skirt	32
potato	tomato	32
chicken	lamb	32
cooking	noodle	32
berry	sweet	32
rain	sunshine	32
escalator	subway	32
apple	dessert	32
man	muscle	32
rain	wind	32
bar	cafe	32
berry	blossom	32
foliage	lily	32
potato	sweet	32
porch	stair	32
bear	son	32
carrot	soup	32
building	concrete	32
street	town	32
abandon	ruin	32
bacon	cooking	32
staircase	wall	32
blonde	haircut	32
scenery	trail	32
mural	work	32
decoration	wood	33
potato	soup	33
scenery	valley	33
black	pink	33
breakfast	diner	33
eat	strawberry	33
ship	sink	33
orange	violet	33
construction	demolition	33
salad	sandwich	33
railway	underground	33
hat	jacket	33
evening	sleep	33
weather	wet	33
furniture	room	33
lunch	restaurant	33
foliage	rose	33
diner	sushi	33
glitter	sky	33
guitar	keyboard	33
game	match	33
building	demolition	33
flamingo	pelican	33
orange	pink	33
ivy	oak	33
bath	hot	33
fun	kid	33
bacon	eat	33
dog	lick	33
dragonfly	hummingbird	33
lip	smile	33
cafe	dinner	33
cold	hot	33
fungus	plant	33
building	floor	33
car	park	33
band	piano	33
bakery	cafe	33
grey	purple	33
pink	white	33
dawn	sunny	33
fruit	nut	33
feather	pelican	33
construction	interior	33
bloom	violet	33
desert	scenery	33
arch	roof	33
dusk	morning	33
flower	pink	33
morning	sky	33
mist	morning	33
mallard	stork	33
garden	lawn	33
metro	rail	33
metro	underground	33
dragonfly	frog	33
gull	stork	33
beach	cliff	33
art	collage	33
restaurant	sushi	33
grey	violet	33
bright	dark	33
mammal	monkey	33
blue	yellow	33
storm	tropical	33
bright	star	33
apartment	floor	33
guitar	play	33
feather	gull	33
petal	yellow	34
brown	yellow	34
band	punk	34
concert	piano	34
rail	station	34
crochet	stitch	34
friend	happy	34
hawk	hummingbird	34
downtown	highway	34
bloom	foliage	34
guitar	sing	34
marble	statue	34
jacket	shirt	34
office	table	34
bread	potato	34
daffodil	foliage	34
jean	outfit	34
spring	sunshine	34
concert	jazz	34
feather	wing	34
garden	patio	34
violet	yellow	34
floor	room	34
cliff	coast	34
cat	lick	34
brown	purple	34
art	exhibition	34
harbour	ship	34
bread	cooking	34
evening	time	34
potato	rice	34
pepper	salad	34
scenery	skyline	34
blossom	orange	34
bead	necklace	34
dessert	diner	34
dessert	strawberry	34
cherry	orange	34
roof	tile	34
metro	subway	34
fruit	peel	34
fishing	harbour	34
beef	lamb	34
peel	skin	34
colour	orange	34
cooking	soup	34
purple	yellow	34
blossom	fruit	34
strawberry	tomato	34
chicken	rice	34
sport	swimming	34
photographer	wedding	34
interior	wall	34
purple	red	34
building	staircase	34
brown	orange	34
tall	tower	34
frozen	meat	34
bed	breakfast	34
beach	scenery	34
raspberry	sweet	34
shade	sun	34
art	craft	34
pug	terrier	34
green	yellow	34
blue	pink	34
concert	sing	34
potato	salad	34
bloom	lily	34
insect	reptile	34
floor	patio	34
line	railway	34
black	brown	34
animal	wild	34
blonde	girl	34
building	interior	34
flower	violet	34
cloud	sunshine	34
design	graphic	35
breakfast	restaurant	35
curl	haircut	35
splash	wash	35
nest	wasp	35
dusk	sunrise	35
crow	gull	35
sit	stand	35
automobile	racing	35
baseball	play	35
dew	rain	35
beef	potato	35
bath	room	35
downtown	sidewalk	35
beef	cooking	35
dessert	eat	35
feline	whisker	35
hawk	pelican	35
cherry	grape	35
cooking	eat	35
outfit	skirt	35
light	neon	35
boy	girl	35
pink	violet	35
canyon	mountain	35
downtown	skyline	35
dinner	night	35
black	white	35
beach	holiday	35
boat	sink	35
coffee	dinner	35
bacon	beef	35
jazz	piano	35
bear	live	35
carrot	tomato	35
bloom	plant	35
restaurant	shop	35
banana	cherry	35
white	yellow	35
blossom	tree	35
bright	glitter	35
computer	lab	35
shore	swim	35
feline	paw	35
explosion	fire	35
gull	pelican	35
sailing	shore	35
chocolate	strawberry	35
hummingbird	nest	35
garden	pumpkin	35
jacket	jean	35
black	colour	35
mammal	rodent	35
dirt	road	35
eat	meat	35
ivy	tree	35
ceiling	wall	35
cloud	misty	35
music	track	35
festival	music	35
skyscraper	tower	35
machine	wash	35
art	work	35
air	cold	35
feather	flamingo	35
colour	shade	35
fun	game	35
glitter	gold	35
glitter	sunlight	36
weather	winter	36
car	parking	36
hotel	restaurant	36
cocktail	restaurant	36
birthday	happy	36
puddle	rain	36
oak	twig	36
moon	sun	36
green	red	36
costume	outfit	36
goose	mallard	36
morning	sleep	36
brick	house	36
lily	petal	36
butterfly	hummingbird	36
sky	sunny	36
decoration	interior	36
canine	pet	36
dawn	night	36
canyon	valley	36
movie	television	36
door	window	36
canyon	river	36
gull	mallard	36
desk	sit	36
bacon	chicken	36
pink	yellow	36
band	rock	36
door	room	36
ceiling	room	36
bear	mother	36
daffodil	spring	36
city	skyline	36
blue	green	36
cloud	droplet	36
fly	wing	36
goat	milk	36
floor	interior	36
bucket	water	36
salad	tomato	36
cheetah	giraffe	36
day	misty	36
spring	winter	36
skyline	skyscraper	36
jacket	sock	36
green	grey	36
chicken	soup	36
building	skyline	36
musician	sing	36
daisy	grass	36
cold	weather	36
autumn	sunny	36
daffodil	petal	36
flamingo	stork	36
feline	pet	36
blue	red	36
drip	water	36
purple	white	36
black	purple	36
bright	sky	36
guy	people	36
lady	sexy	36
book	illustration	36
exhibition	sculpture	36
downtown	urban	36
ceramic	tile	36
blue	purple	36
jean	skirt	36
colour	yellow	36
floor	marble	36
food	noodle	36
hill	scenery	36
book	write	36
snow	weather	37
bar	sushi	37
berry	cherry	37
sea	tropical	37
autumn	foliage	37
bay	harbour	37
costume	dress	37
blossom	cherry	37
orange	strawberry	37
skyline	view	37
coffee	mug	37
berry	seed	37
music	rock	37
hawk	owl	37
railway	subway	37
flight	owl	37
drip	rain	37
brick	concrete	37
black	blue	37
feather	mallard	37
costume	wig	37
eye	lip	37
misty	weather	37
bus	subway	37
breakfast	dinner	37
plant	twig	37
river	waterfall	37
clothes	skirt	37
dress	shirt	37
animal	cattle	37
moss	plant	37
palm	tree	37
bedroom	sleep	37
grey	white	37
bed	room	37
cloud	mist	37
hummingbird	mallard	37
dude	guy	37
cemetery	memorial	37
brick	wall	37
color	purple	37
animal	giraffe	37
hot	sunshine	37
alley	street	37
sunshine	weather	37
knit	stitch	37
paint	picture	37
grave	memorial	37
building	skyscraper	37
dessert	sweet	37
flower	lily	37
paw	whisker	37
feather	hummingbird	37
bird	mallard	37
harbour	shore	37
surfer	wave	37
concert	rock	37
flower	spring	37
ice	skating	37
morning	night	37
art	painting	37
automobile	truck	37
metro	railway	37
dinner	lunch	37
spiral	staircase	37
bathroom	room	37
horizon	sky	37
band	play	37
holiday	travel	37
cherry	strawberry	37
blue	color	37
daisy	plant	37
exhibition	photography	37
moon	sky	37
rain	sky	37
wash	water	37
parrot	pelican	37
goat	sheep	37
beauty	scenery	37
light	shadow	37
piano	play	37
graphic	illustration	37
bedroom	cottage	37
bird	gull	37
band	concert	37
cooking	rice	37
bird	insect	37
feather	owl	37
mill	windmill	37
river	valley	37
feather	nest	37
lily	pond	37
fishing	sailing	37
brown	grey	37
foliage	garden	37
breakfast	lunch	37
shoe	toe	37
ceiling	porch	37
child	family	37
concrete	floor	37
blossom	daisy	37
daffodil	rose	37
eat	fruit	37
mountain	scenery	37
dog	husky	37
summer	winter	37
food	frozen	37
metro	station	37
mushroom	tomato	37
bud	twig	37
autumn	summer	37
amphibian	mammal	37
furniture	patio	37
meat	potato	37
orange	purple	37
concrete	construction	37
autumn	winter	37
green	pink	37
fog	mist	37
paw	pet	37
dandelion	grass	37
giraffe	zoo	37
drip	wet	38
bathroom	bedroom	38
bud	petal	38
pink	purple	38
ancient	ruin	38
bedroom	door	38
skyscraper	tall	38
mural	paint	38
puddle	water	38
canine	pug	38
cattle	farm	38
dessert	fruit	38
splash	water	38
hill	valley	38
downtown	metro	38
bedroom	ceiling	38
photography	portrait	38
sunny	weather	38
roof	wall	38
gravestone	memorial	38
baseball	game	38
grey	shade	38
face	tear	38
bread	eat	38
pet	puppy	38
blue	violet	38
stone	wall	38
road	traffic	38
blue	orange	38
bird	swan	38
chicken	meat	38
blossom	foliage	38
spring	summer	38
beef	chicken	38
panorama	scenery	38
dress	outfit	38
grass	weed	38
scenery	waterfall	38
crow	hawk	38
beard	hair	38
city	urban	38
cattle	sheep	38
landscape	scenery	38
bride	dress	38
dandelion	petal	38
eye	iris	38
colour	grey	38
brown	green	38
hummingbird	stork	38
motor	vehicle	38
harbor	sea	38
parrot	wing	38
noodle	soup	38
bus	tram	38
pet	poodle	38
hot	sunny	38
painting	sculpture	38
ceiling	floor	38
cooking	food	38
daisy	flower	38
day	dusk	38
apple	cherry	38
face	smile	38
sand	sea	38
building	downtown	38
baseball	hockey	38
daisy	violet	38
photographer	portrait	38
coin	gold	38
feline	kitten	38
copper	silver	38
colour	purple	38
pool	splash	38
boat	harbour	38
bud	foliage	38
foliage	plant	38
boat	shore	38
dawn	dusk	38
dinner	evening	38
ceiling	interior	38
kitten	paw	39
summer	sunshine	39
ripple	wave	39
cooking	restaurant	39
fashion	outfit	39
brick	construction	39
pub	restaurant	39
cooking	meat	39
outfit	sock	39
purple	violet	39
canine	terrier	39
dew	misty	39
duck	goose	39
goose	swan	39
downtown	skyscraper	39
city	sidewalk	39
bay	shore	39
bottle	glass	39
architecture	construction	39
day	night	39
blue	colour	39
clothes	hat	39
scenery	sunset	39
swim	underwater	39
bright	colour	39
apple	raspberry	39
bay	sea	39
dawn	morning	39
misty	rain	39
mist	wet	39
interior	room	39
ocean	underwater	39
eat	soup	39
city	town	39
pizza	restaurant	39
lizard	snake	39
carrot	potato	39
poodle	terrier	39
hawk	nest	39
harbor	ship	39
clothes	jean	39
harbor	sailing	39
bakery	shop	39
rice	sushi	39
cold	frost	39
canine	paw	39
sea	swim	39
rust	rusty	39
blonde	hair	39
happy	love	39
guitar	rock	39
bud	daffodil	39
floor	roof	39
blue	grey	39
lake	shore	39
bloom	daffodil	39
beard	face	39
diner	restaurant	39
harbor	shore	39
seed	sunflower	39
marble	stone	39
cafe	shop	39
bed	relax	39
carrot	salad	39
paint	portrait	39
apartment	staircase	39
art	graphic	39
kiss	love	39
shop	store	39
green	violet	39
ceiling	roof	39
bright	light	39
fruit	tomato	39
collection	museum	39
art	sculpture	39
light	shade	39
blossom	petal	39
bird	owl	39
stream	waterfall	39
surf	surfer	39
architecture	design	39
day	time	39
brick	building	39
dawn	sun	40
musician	piano	40
child	school	40
color	yellow	40
downtown	street	40
cafe	pub	40
building	construction	40
nest	twig	40
plant	seed	40
cat	whisker	40
orange	red	40
feather	stork	40
happy	smile	40
dragonfly	insect	40
puppy	terrier	40
military	soldier	40
bright	sunlight	40
sky	sunshine	40
cafe	coffee	40
heart	love	40
burger	meat	40
lamb	sheep	40
morning	sunny	40
elephant	giraffe	40
cafe	diner	40
daughter	mother	40
door	wall	40
coast	harbour	40
beetle	insect	40
bottle	wine	40
door	lock	40
cherry	raspberry	40
asphalt	road	40
city	metro	40
bloom	petal	40
family	friend	40
sand	shore	40
subway	underground	40
dog	pug	40
coast	shore	40
summer	weather	40
cafe	lunch	40
harbor	harbour	40
beach	swimming	40
pebble	sand	40
frost	weather	40
kid	mom	40
bloom	dandelion	40
jacket	leather	40
mallard	swan	40
dirty	wash	40
railway	station	40
breakfast	kitchen	40
butterfly	dragonfly	40
feel	happy	40
cheetah	lion	40
cloud	rain	40
map	travel	40
giraffe	zebra	40
rail	train	40
bloom	bud	40
cemetery	grave	40
sunny	sunset	40
building	tall	40
guitar	music	40
gold	silver	40
sky	sun	40
lily	rose	40
figure	skating	40
morning	sunshine	40
van	vehicle	40
feather	hawk	41
colour	red	41
bath	wash	41
pelican	stork	41
porch	roof	41
bar	restaurant	41
bus	taxi	41
metro	train	41
airplane	airport	41
summer	sunny	41
bloom	daisy	41
shadow	sunlight	41
burger	sandwich	41
night	sleep	41
amphibian	reptile	41
aircraft	fly	41
foliage	petal	41
bay	beach	41
fishing	sea	41
duck	mallard	41
sock	stocking	41
mist	rain	41
dinner	eat	41
band	guitar	41
mural	painting	41
daughter	son	41
red	yellow	41
musician	rock	41
mountain	valley	41
road	sidewalk	41
black	grey	41
band	music	41
automobile	parking	41
panorama	view	41
tree	twig	41
petal	tulip	41
beach	harbour	41
sky	sunlight	41
car	garage	41
canine	poodle	41
kiss	lip	41
amphibian	lizard	41
foot	leg	41
noodle	rice	41
music	musician	41
bedroom	room	41
fog	misty	41
lingerie	sexy	41
airplane	fly	41
animal	zoo	41
petal	plant	41
escalator	stair	41
rain	weather	41
car	motor	41
flamingo	hummingbird	41
orange	yellow	41
fun	happy	41
park	parking	41
eye	tear	41
kitchen	room	41
pregnant	woman	41
airplane	wing	41
shopping	store	41
fruit	orange	41
bird	parrot	41
salad	soup	41
colour	rainbow	41
blonde	redhead	41
lip	tongue	41
beef	cattle	41
station	train	41
berry	fruit	41
airport	flight	41
foliage	tree	41
day	morning	41
mother	son	41
hockey	sport	42
bracelet	necklace	42
harbor	port	42
bird	crow	42
man	woman	42
flight	fly	42
lunch	sandwich	42
boat	sailing	42
fruit	raspberry	42
hockey	ice	42
evening	night	42
eagle	hawk	42
hair	redhead	42
splash	swim	42
canine	husky	42
bird	nest	42
burn	fire	42
puddle	splash	42
cafe	restaurant	42
face	lip	42
diner	kitchen	42
leather	shoe	42
bed	sleep	42
breakfast	morning	42
bird	flamingo	42
photographer	photography	42
daffodil	plant	42
rail	subway	42
baby	mother	42
cactus	plant	42
day	sunshine	42
beach	shore	42
flower	foliage	42
guitar	musician	42
red	violet	42
color	violet	42
lamp	light	42
beach	coast	42
cake	chocolate	42
oak	wood	42
storm	wind	42
race	racing	42
pug	puppy	42
burger	eat	42
egg	nest	42
sky	sunrise	42
foot	toe	42
mother	pregnant	42
cigarette	smoking	42
band	musician	42
coin	silver	42
harbour	sea	42
berry	raspberry	42
music	sing	42
airplane	plane	42
animal	pet	42
bed	bedroom	42
holiday	vacation	42
cold	frozen	42
food	meat	42
fruit	salad	42
crow	feather	42
cloud	sky	42
diner	eat	42
sunrise	sunset	42
paint	painting	42
amphibian	frog	42
rain	wet	42
color	red	42
clothes	sock	42
blossom	flower	42
petal	rose	42
butterfly	insect	42
bird	pelican	42
swim	swimming	43
bakery	cake	43
bloom	blossom	43
colour	pink	43
burger	food	43
camera	lens	43
shirt	skirt	43
aquarium	tank	43
fabric	wool	43
poodle	puppy	43
building	roof	43
bird	stork	43
sea	shore	43
bloom	flower	43
hair	haircut	43
lily	plant	43
chocolate	dessert	43
clothes	jacket	43
art	museum	43
cat	paw	43
iron	steel	43
bathroom	kitchen	43
bird	goose	43
bloom	tulip	43
leaf	nature	43
engine	gasoline	43
port	ship	43
orange	peel	43
bloom	rose	43
hill	mountain	43
daisy	petal	43
eat	food	43
cherry	fruit	43
frost	winter	43
blue	sky	43
rail	railway	43
blossom	daffodil	43
guitar	piano	43
jazz	music	43
dog	poodle	43
dog	pet	43
cigarette	smoke	43
oak	tree	43
lantern	light	43
subway	train	43
maple	oak	43
child	mother	43
aircraft	wing	43
cemetery	gravestone	43
bikini	swimsuit	43
apple	orange	43
day	sunset	43
cold	winter	43
baby	pregnant	43
beef	meat	43
coast	sea	43
fire	flame	43
dress	wedding	43
dawn	sunrise	43
dinner	restaurant	43
feather	peacock	43
tunnel	underground	43
town	village	43
pool	swim	43
painting	portrait	43
night	sunset	43
gymnastics	sport	44
flood	water	44
hand	palm	44
daffodil	tulip	44
strawberry	sweet	44
dress	skirt	44
shop	shopping	44
raspberry	strawberry	44
exhibition	museum	44
feline	kitty	44
architecture	building	44
autumn	spring	44
bird	hawk	44
jazz	musician	44
grape	vine	44
snow	winter	44
lizard	reptile	44
highway	traffic	44
bracelet	jewelry	44
apple	fruit	44
chipmunk	squirrel	44
bar	pub	44
clothes	outfit	44
handwriting	write	44
bed	pillow	44
lily	tulip	44
crochet	knit	44
bright	sunny	44
flower	plant	44
forest	oak	44
dandelion	plant	44
sailing	ship	44
sunlight	sunshine	44
show	television	44
fire	smoke	44
bacon	meat	44
canine	puppy	44
grave	gravestone	44
music	piano	44
sun	sunrise	44
grave	graveyard	44
coast	harbor	44
bar	cocktail	44
sun	sunny	44
beach	sea	44
bird	eagle	44
berry	strawberry	44
canine	dog	44
eagle	feather	44
game	hockey	44
light	sunlight	44
sea	water	45
concert	musician	45
flight	plane	45
dog	terrier	45
bird	feather	45
daffodil	flower	45
dog	puppy	45
bicycle	bike	45
harbour	port	45
eye	face	45
motorcycle	scooter	45
chapel	church	45
bright	sun	45
coffee	tea	45
feather	goose	45
cow	milk	45
splash	swimming	45
shade	tree	45
dirt	dirty	45
bride	wedding	45
reptile	snake	45
snow	snowman	45
bed	furniture	45
fruit	strawberry	45
pool	swimming	45
bird	hummingbird	45
truck	vehicle	45
pond	water	45
boat	fishing	45
river	stream	45
aircraft	flight	45
kitten	kitty	45
branch	twig	45
clothes	dress	45
railway	train	45
shore	water	45
ivy	plant	45
lake	water	45
skate	skating	45
smoke	smoking	45
automobile	vehicle	45
light	lighting	46
burn	flame	46
hair	wig	46
concert	music	46
ice	snow	46
blossom	bud	46
butterfly	caterpillar	46
flower	petal	46
car	vehicle	46
airplane	flight	46
ocean	sea	46
child	kid	46
cat	kitty	46
aircraft	airplane	46
mist	misty	46
bath	bathroom	46
frost	snow	46
highway	road	46
bread	sandwich	46
photo	picture	46
grape	wine	46
ocean	water	46
aquarium	fish	46
bud	flower	46
candy	chocolate	46
fungus	mushroom	46
bunny	rabbit	46
fish	fishing	46
sun	sunshine	47
cathedral	church	47
frozen	ice	47
cemetery	graveyard	47
gravestone	graveyard	47
black	dark	47
photo	photography	47
station	subway	47
cat	feline	48
bakery	bread	48
flower	garden	48
sunny	sunshine	48
copper	metal	48
pregnancy	pregnant	48
grass	lawn	48
beach	sand	48
morning	sunrise	49
river	water	49
dance	dancer	49
stair	staircase	49
cat	kitten	49
camera	photography	49
rain	storm	49
automobile	car	50
sun	sunlight	50
